<?xml version="1.0" encoding="UTF-8"?>
<!-- 
  This is a static XML file for VMIX integration.
  For live data, use the React page at /lower-thirds-xml?eventId=YOUR_EVENT_ID
-->
<data>
  <timestamp>2024-01-01T00:00:00.000Z</timestamp>
  <event_id>sample</event_id>
  <lower_thirds>
    <item id="sample-1">
      <title><![CDATA[Sample Lower Third]]></title>
      <subtitle><![CDATA[This is a sample subtitle]]></subtitle>
      <is_active>true</is_active>
      <created_at>2024-01-01T00:00:00.000Z</created_at>
      <updated_at>2024-01-01T00:00:00.000Z</updated_at>
    </item>
  </lower_thirds>
</data>
