<?xml version="1.0" encoding="UTF-8"?>
<data>
  <timestamp>2025-01-08T17:45:00.000Z</timestamp>
  <event_id>7a77d7a2-98af-4772-b23d-5d8ce0c50a85</event_id>
  <lower_thirds>
    <item>
      <id>1</id>
      <cue>Opening</cue>
      <program>Live Event</program>
      <segment_name>Welcome</segment_name>
      <speaker_1_name>John Doe</speaker_1_name>
      <speaker_1_title_org>CEO, Tech Corp</speaker_1_title_org>
      <speaker_1_photo>https://example.com/photo1.jpg</speaker_1_photo>
      <speaker_2_name></speaker_2_name>
      <speaker_2_title_org></speaker_2_title_org>
      <speaker_2_photo></speaker_2_photo>
      <speaker_3_name></speaker_3_name>
      <speaker_3_title_org></speaker_3_title_org>
      <speaker_3_photo></speaker_3_photo>
      <speaker_4_name></speaker_4_name>
      <speaker_4_title_org></speaker_4_title_org>
      <speaker_4_photo></speaker_4_photo>
      <speaker_5_name></speaker_5_name>
      <speaker_5_title_org></speaker_5_title_org>
      <speaker_5_photo></speaker_5_photo>
      <speaker_6_name></speaker_6_name>
      <speaker_6_title_org></speaker_6_title_org>
      <speaker_6_photo></speaker_6_photo>
      <speaker_7_name></speaker_7_name>
      <speaker_7_title_org></speaker_7_title_org>
      <speaker_7_photo></speaker_7_photo>
    </item>
  </lower_thirds>
</data>
